{"stats":{"minecraft:custom":{"minecraft:sprint_one_cm":108377,"minecraft:damage_taken":1275,"minecraft:walk_one_cm":92387,"minecraft:mob_kills":22,"minecraft:drop":1,"minecraft:damage_dealt":4620,"minecraft:damage_dealt_absorbed":352,"minecraft:fly_one_cm":152821,"minecraft:crouch_one_cm":560,"minecraft:play_time":70571,"minecraft:deaths":5,"minecraft:sneak_time":288,"minecraft:jump":332,"minecraft:leave_game":7,"minecraft:time_since_death":9209,"minecraft:walk_on_water_one_cm":1984,"minecraft:total_world_time":70571,"minecraft:fall_one_cm":11786,"minecraft:time_since_rest":9245},"minecraft:picked_up":{"biomesoplenty:redwood_log":24,"luminousworld:groundpebbles_1":3,"minecraft:stick":4,"minecraft:leather":12,"minecraft:porkchop":9,"minecraft:oak_log":2,"minecraft:dirt":5,"minecraft:moss_carpet":1,"minecraft:rotten_flesh":9,"minecraft:apple":1,"minecraft:wheat_seeds":2,"minecraft:beef":15,"biomesoplenty:redwood_sapling":10,"minecraft:oak_sapling":3,"minecraft:mutton":4,"minecraft:white_wool":2},"minecraft:dropped":{"minecraft:leather":6},"minecraft:killed_by":{"minecraft:zombie":3},"minecraft:crafted":{"minecraft:oak_planks":8,"biomesoplenty:redwood_planks":96},"minecraft:killed":{"minecraft:sheep":2,"minecraft:zombie":6,"minecraft:pig":4,"minecraft:spider":1,"minecraft:cow":8},"minecraft:used":{"minecraft:netherite_sword":55,"minecraft:apple":1,"biomesoplenty:redwood_planks":18,"cardinal_sins:sinofenvyphase_1_spawn_egg":1},"minecraft:mined":{"minecraft:podzol":1,"minecraft:large_fern":4,"luminousworld:groundpebbles_1":2,"minecraft:moss_carpet":1,"minecraft:grass":2,"biomesoplenty:bush":4,"biomesoplenty:clover":3,"minecraft:grass_block":3,"minecraft:oak_log":7,"biomesoplenty:redwood_log":24,"biomesoplenty:redwood_leaves":1,"minecraft:dirt":2,"minecraft:oak_leaves":1,"minecraft:fern":31}},"DataVersion":3465}