{"stats":{"minecraft:mined":{"minecraft:grass":1,"biomesoplenty:bush":4,"minecraft:grass_block":1,"minecraft:oak_log":2,"biomesoplenty:redwood_leaves":1,"minecraft:moss_carpet":1,"minecraft:oak_leaves":1},"minecraft:killed_by":{"minecraft:zombie":1},"minecraft:picked_up":{"minecraft:oak_log":1,"minecraft:dirt":1,"minecraft:moss_carpet":1},"minecraft:custom":{"minecraft:time_since_rest":19871,"minecraft:crouch_one_cm":25,"minecraft:deaths":2,"minecraft:sprint_one_cm":10792,"minecraft:play_time":41026,"minecraft:damage_taken":710,"minecraft:walk_one_cm":7947,"minecraft:sneak_time":144,"minecraft:jump":44,"minecraft:leave_game":2,"minecraft:time_since_death":5864,"minecraft:total_world_time":41026,"minecraft:fall_one_cm":6416,"minecraft:fly_one_cm":61156}},"DataVersion":3465}