{"stats":{"minecraft:killed_by":{"minecraft:zombie":1},"minecraft:custom":{"minecraft:jump":43,"minecraft:time_since_rest":17603,"minecraft:deaths":2,"minecraft:sprint_one_cm":5349,"minecraft:leave_game":2,"minecraft:play_time":38758,"minecraft:damage_taken":710,"minecraft:time_since_death":3596,"minecraft:walk_one_cm":4775,"minecraft:sneak_time":51,"minecraft:total_world_time":38758,"minecraft:fall_one_cm":6416,"minecraft:fly_one_cm":52029},"minecraft:mined":{"minecraft:grass_block":1,"biomesoplenty:redwood_leaves":1},"minecraft:picked_up":{"minecraft:dirt":1}},"DataVersion":3465}