{"stats":{"minecraft:crafted":{"minecraft:oak_planks":8,"biomesoplenty:redwood_planks":96},"minecraft:used":{"minecraft:apple":1,"biomesoplenty:redwood_planks":18},"minecraft:custom":{"minecraft:time_since_rest":4443,"minecraft:sprint_one_cm":76464,"minecraft:damage_taken":1250,"minecraft:walk_one_cm":62589,"minecraft:mob_kills":7,"minecraft:damage_dealt":1282,"minecraft:fly_one_cm":113508,"minecraft:crouch_one_cm":475,"minecraft:play_time":56062,"minecraft:deaths":4,"minecraft:sneak_time":278,"minecraft:jump":224,"minecraft:leave_game":5,"minecraft:walk_on_water_one_cm":1984,"minecraft:time_since_death":4419,"minecraft:total_world_time":56062,"minecraft:fall_one_cm":10625},"minecraft:killed":{"minecraft:sheep":1,"minecraft:zombie":5,"minecraft:pig":1},"minecraft:mined":{"minecraft:large_fern":4,"minecraft:podzol":1,"luminousworld:groundpebbles_1":2,"minecraft:moss_carpet":1,"minecraft:grass":2,"biomesoplenty:bush":4,"biomesoplenty:clover":3,"minecraft:grass_block":3,"minecraft:oak_log":7,"biomesoplenty:redwood_log":24,"biomesoplenty:redwood_leaves":1,"minecraft:dirt":2,"minecraft:oak_leaves":1,"minecraft:fern":31},"minecraft:killed_by":{"minecraft:zombie":3},"minecraft:picked_up":{"luminousworld:groundpebbles_1":2,"minecraft:stick":4,"minecraft:porkchop":2,"minecraft:oak_log":2,"minecraft:dirt":5,"minecraft:moss_carpet":1,"minecraft:rotten_flesh":7,"minecraft:apple":1,"minecraft:wheat_seeds":2,"biomesoplenty:redwood_sapling":10,"minecraft:oak_sapling":3,"minecraft:mutton":2,"minecraft:white_wool":1,"biomesoplenty:redwood_log":24}},"DataVersion":3465}