{"stats":{"minecraft:picked_up":{"minecraft:feather":2,"minecraft:chicken":1,"minecraft:wheat_seeds":1,"minecraft:porkchop":2,"minecraft:dirt":3},"minecraft:used":{"minecraft:dirt":3},"minecraft:custom":{"minecraft:time_since_rest":5602,"minecraft:sprint_one_cm":10237,"minecraft:play_time":5602,"minecraft:walk_one_cm":10489,"minecraft:mob_kills":2,"minecraft:drop":1,"minecraft:jump":47,"minecraft:damage_dealt":158,"minecraft:leave_game":4,"minecraft:walk_on_water_one_cm":249,"minecraft:time_since_death":5602,"minecraft:total_world_time":5602,"minecraft:fall_one_cm":2208,"minecraft:fly_one_cm":12912},"minecraft:killed":{"minecraft:pig":1,"minecraft:chicken":1},"minecraft:dropped":{"minecraft:porkchop":1},"minecraft:mined":{"minecraft:grass":16,"minecraft:grass_block":3,"minecraft:tall_grass":7}},"DataVersion":3465}