{"stats":{"minecraft:used":{"minecraft:apple":1},"minecraft:killed":{"minecraft:zombie":2,"minecraft:pig":1},"minecraft:mined":{"luminousworld:groundpebbles_1":2,"minecraft:grass":2,"biomesoplenty:bush":4,"minecraft:grass_block":2,"minecraft:oak_log":7,"biomesoplenty:redwood_leaves":1,"minecraft:dirt":1,"minecraft:moss_carpet":1,"minecraft:oak_leaves":1,"minecraft:fern":31},"minecraft:killed_by":{"minecraft:zombie":1},"minecraft:picked_up":{"luminousworld:groundpebbles_1":2,"minecraft:stick":1,"minecraft:rotten_flesh":3,"minecraft:apple":1,"minecraft:wheat_seeds":2,"minecraft:porkchop":2,"minecraft:oak_log":2,"minecraft:oak_sapling":3,"minecraft:dirt":3,"minecraft:moss_carpet":1},"minecraft:custom":{"minecraft:time_since_rest":25114,"minecraft:crouch_one_cm":304,"minecraft:deaths":2,"minecraft:sprint_one_cm":33696,"minecraft:play_time":46269,"minecraft:damage_taken":760,"minecraft:walk_one_cm":31098,"minecraft:sneak_time":163,"minecraft:mob_kills":3,"minecraft:jump":75,"minecraft:damage_dealt":546,"minecraft:leave_game":3,"minecraft:walk_on_water_one_cm":1984,"minecraft:time_since_death":11107,"minecraft:total_world_time":46269,"minecraft:fall_one_cm":6625,"minecraft:fly_one_cm":66479}},"DataVersion":3465}