{"stats":{"minecraft:killed_by":{"minecraft:zombie":3},"minecraft:used":{"minecraft:netherite_sword":54,"minecraft:apple":1,"biomesoplenty:redwood_planks":18,"cardinal_sins:sinofenvyphase_1_spawn_egg":1},"minecraft:picked_up":{"biomesoplenty:redwood_log":24,"luminousworld:groundpebbles_1":3,"minecraft:stick":4,"minecraft:leather":12,"minecraft:porkchop":9,"minecraft:oak_log":2,"minecraft:dirt":5,"minecraft:moss_carpet":1,"minecraft:rotten_flesh":9,"minecraft:apple":1,"minecraft:wheat_seeds":2,"minecraft:beef":12,"biomesoplenty:redwood_sapling":10,"minecraft:oak_sapling":3,"minecraft:mutton":4,"minecraft:white_wool":2},"minecraft:killed":{"minecraft:sheep":2,"minecraft:zombie":6,"minecraft:pig":4,"minecraft:spider":1,"minecraft:cow":7},"minecraft:mined":{"minecraft:podzol":1,"minecraft:large_fern":4,"luminousworld:groundpebbles_1":2,"minecraft:moss_carpet":1,"minecraft:grass":2,"biomesoplenty:bush":4,"biomesoplenty:clover":3,"minecraft:grass_block":3,"minecraft:oak_log":7,"biomesoplenty:redwood_log":24,"biomesoplenty:redwood_leaves":1,"minecraft:dirt":2,"minecraft:oak_leaves":1,"minecraft:fern":31},"minecraft:dropped":{"minecraft:leather":6},"minecraft:crafted":{"minecraft:oak_planks":8,"biomesoplenty:redwood_planks":96},"minecraft:custom":{"minecraft:sprint_one_cm":102256,"minecraft:damage_taken":1275,"minecraft:walk_one_cm":87815,"minecraft:mob_kills":21,"minecraft:drop":1,"minecraft:damage_dealt":4520,"minecraft:damage_dealt_absorbed":344,"minecraft:fly_one_cm":144080,"minecraft:crouch_one_cm":560,"minecraft:play_time":63680,"minecraft:deaths":5,"minecraft:sneak_time":288,"minecraft:jump":305,"minecraft:leave_game":6,"minecraft:walk_on_water_one_cm":1984,"minecraft:time_since_death":2318,"minecraft:total_world_time":63680,"minecraft:fall_one_cm":11786,"minecraft:time_since_rest":2354}},"DataVersion":3465}