{"stats":{"minecraft:picked_up":{"minecraft:wheat_seeds":1,"minecraft:dirt":2,"minecraft:porkchop":2},"minecraft:custom":{"minecraft:jump":19,"minecraft:time_since_rest":3679,"minecraft:damage_dealt":118,"minecraft:leave_game":1,"minecraft:sprint_one_cm":5922,"minecraft:play_time":3679,"minecraft:walk_on_water_one_cm":130,"minecraft:time_since_death":3679,"minecraft:walk_one_cm":7954,"minecraft:total_world_time":3679,"minecraft:mob_kills":1,"minecraft:drop":1,"minecraft:fall_one_cm":896,"minecraft:fly_one_cm":5391},"minecraft:killed":{"minecraft:pig":1},"minecraft:dropped":{"minecraft:porkchop":1},"minecraft:mined":{"minecraft:grass":14,"minecraft:tall_grass":7,"minecraft:grass_block":2}},"DataVersion":3465}